{
	"format_version": "1.8.0",
	"animations": {
		"clock": {
			"loop": true,
			"animation_length": 2,
			"bones": {
				"h": {
					"rotation": [0, 0, "query.time_of_day*720-180"]
				},
				"m": {
					"rotation": [0, 0, "query.time_of_day*8640"]
				},
				"bone": {
					"rotation": {
						"0.0": [0, 0, 15],
						"0.5": [0, 0, -15],
						"1.0": [0, 0, 15]
					}
				},
				"Pendulum": {
					"rotation": {
						"0.0": [0, 0, 0],
						"0.1": [0, 0, 5.27472],
						"0.2": [0, 0, 8.94507],
						"0.3": [0, 0, 11.63471],
						"0.4": [0, 0, 13.50804],
						"0.5": [0, 0, 14.62464],
						"0.6": [0, 0, 15],
						"0.7": [0, 0, 13.9068],
						"0.8": [0, 0, 11.03271],
						"0.9": [0, 0, 6.96564],
						"1.0": [0, 0, 2.25504],
						"1.1": [0, 0, -2.59494],
						"1.2": [0, 0, -7.12815],
						"1.3": [0, 0, -10.93758],
						"1.4": [0, 0, -13.66514],
						"1.5": [0, 0, -15],
						"1.6": [0, 0, -15.17143],
						"1.7": [0, 0, -14.3623],
						"1.8": [0, 0, -12.00447],
						"1.9": [0, 0, -7.11939],
						"2.0": [0, 0, 0]
					}
				}
			}
		}
	},
	"geckolib_format_version": 2
}